order_id,customer_id,product_id,order_timestamp,quantity,unit_price,discount_pct,status,updated_at,pipeline_run_id,staged_at_utc,quarantine_reason,source_entity
O0032857,C02334,P0366,2026-09-08 22:14:00+00:00,5,34213.13,0.0,DELIVERED,2026-09-11 19:14:00+00:00,run_20260922T173739Z_efe2512e,2026-09-22T17:37:42.330158+00:00,orphan_customer,orders
O0048419,C00412,P0314,2026-09-04 19:37:00+00:00,8,61051.95,0.05,DELIVERED,2026-09-06 13:37:00+00:00,run_20260922T173739Z_efe2512e,2026-09-22T17:37:42.330158+00:00,orphan_customer,orders
O0029778,C00025,P0126,2026-08-20 02:39:00+00:00,2,71314.36,0.15,CANCELLED,2026-08-22 10:39:00+00:00,run_20260922T173739Z_efe2512e,2026-09-22T17:37:42.330158+00:00,orphan_customer,orders
O0013878,C02334,P0591,2026-07-30 14:08:00+00:00,3,27119.07,0.1,PACKED,2026-08-01 06:08:00+00:00,run_20260922T173739Z_efe2512e,2026-09-22T17:37:42.330158+00:00,orphan_customer,orders
O0022758,C00412,P0269,2026-07-25 22:53:00+00:00,3,17075.89,0.15,DELIVERED,2026-07-26 13:53:00+00:00,run_20260922T173739Z_efe2512e,2026-09-22T17:37:42.330158+00:00,orphan_customer,orders
O0000759,C01201,P0536,2026-07-23 09:20:00+00:00,2,24732.77,0.0,DELIVERED,2026-07-25 07:20:00+00:00,run_20260922T173739Z_efe2512e,2026-09-22T17:37:42.330158+00:00,orphan_customer,orders
O0030057,C02334,P0109,2026-07-09 04:39:00+00:00,7,57762.92,0.0,PENDING,2026-07-09 22:39:00+00:00,run_20260922T173739Z_efe2512e,2026-09-22T17:37:42.330158+00:00,orphan_customer,orders
O0000227,C02334,P0222,2026-07-02 01:37:00+00:00,3,25358.22,0.0,PAID,2026-07-04 08:37:00+00:00,run_20260922T173739Z_efe2512e,2026-09-22T17:37:42.330158+00:00,orphan_customer,orders
O0003622,C02334,P0068,2026-06-12 06:49:00+00:00,4,5426.97,0.0,CANCELLED,2026-06-14 06:49:00+00:00,run_20260922T173739Z_efe2512e,2026-09-22T17:37:42.330158+00:00,orphan_customer,orders
O0022211,C01201,P0376,2026-05-03 03:54:00+00:00,1,65552.7,0.0,DELIVERED,2026-05-05 14:54:00+00:00,run_20260922T173739Z_efe2512e,2026-09-22T17:37:42.330158+00:00,orphan_customer,orders
O0037447,C00412,P0168,2026-04-26 09:29:00+00:00,4,10039.87,0.15,PAID,2026-04-29 05:29:00+00:00,run_20260922T173739Z_efe2512e,2026-09-22T17:37:42.330158+00:00,orphan_customer,orders
O0005791,C00025,P0102,2026-04-17 05:23:00+00:00,3,50143.28,0.05,CANCELLED,2026-04-19 02:23:00+00:00,run_20260922T173739Z_efe2512e,2026-09-22T17:37:42.330158+00:00,orphan_customer,orders
O0000974,C01201,P0351,2026-03-31 17:02:00+00:00,4,55125.73,0.0,CANCELLED,2026-04-02 17:02:00+00:00,run_20260922T173739Z_efe2512e,2026-09-22T17:37:42.330158+00:00,orphan_customer,orders
O0002223,C99999,P0525,2026-03-30 23:12:00+00:00,2,36457.69,0.05,CANCELLED,2026-03-31 17:12:00+00:00,run_20260922T173739Z_efe2512e,2026-09-22T17:37:42.330158+00:00,orphan_customer,orders
O0026225,C02334,P0560,2026-03-27 20:18:00+00:00,1,64116.71,0.05,PENDING,2026-03-30 10:18:00+00:00,run_20260922T173739Z_efe2512e,2026-09-22T17:37:42.330158+00:00,orphan_customer,orders
O0002231,C01201,P0311,2026-03-27 23:40:00+00:00,8,59966.53,0.0,PENDING,2026-03-29 12:40:00+00:00,run_20260922T173739Z_efe2512e,2026-09-22T17:37:42.330158+00:00,orphan_customer,orders
O0028525,C02334,P0515,2026-03-17 16:49:00+00:00,1,27518.63,0.0,PENDING,2026-03-20 03:49:00+00:00,run_20260922T173739Z_efe2512e,2026-09-22T17:37:42.330158+00:00,orphan_customer,orders
O0017185,C02334,P0491,2026-02-27 17:03:00+00:00,2,65212.83,0.0,PACKED,2026-03-01 05:03:00+00:00,run_20260922T173739Z_efe2512e,2026-09-22T17:37:42.330158+00:00,orphan_customer,orders
O0007310,C02334,P0084,2026-02-19 11:08:00+00:00,3,81907.0,0.05,CANCELLED,2026-02-20 15:08:00+00:00,run_20260922T173739Z_efe2512e,2026-09-22T17:37:42.330158+00:00,orphan_customer,orders
O0036617,C00412,P0215,2026-02-14 16:21:00+00:00,4,66910.12,0.1,CANCELLED,2026-02-14 17:21:00+00:00,run_20260922T173739Z_efe2512e,2026-09-22T17:37:42.330158+00:00,orphan_customer,orders
O0021904,C00025,P0125,2026-01-28 18:31:00+00:00,7,2141.49,0.0,PAID,2026-01-30 00:31:00+00:00,run_20260922T173739Z_efe2512e,2026-09-22T17:37:42.330158+00:00,orphan_customer,orders
O0049614,C01201,P0344,2026-01-21 09:43:00+00:00,1,2785.93,0.05,SHIPPED,2026-01-23 19:43:00+00:00,run_20260922T173739Z_efe2512e,2026-09-22T17:37:42.330158+00:00,orphan_customer,orders
O0008075,C00412,P0358,2025-12-15 23:38:00+00:00,5,34120.87,0.05,CANCELLED,2025-12-18 15:38:00+00:00,run_20260922T173739Z_efe2512e,2026-09-22T17:37:42.330158+00:00,orphan_customer,orders
O0019575,C01201,P0265,2025-11-25 20:28:00+00:00,2,57069.88,0.0,PACKED,2025-11-27 22:28:00+00:00,run_20260922T173739Z_efe2512e,2026-09-22T17:37:42.330158+00:00,orphan_customer,orders
O0021993,C01201,P0548,2025-11-19 22:16:00+00:00,3,69028.89,0.0,DELIVERED,2025-11-22 01:16:00+00:00,run_20260922T173739Z_efe2512e,2026-09-22T17:37:42.330158+00:00,orphan_customer,orders
O0027303,C02334,P0050,2025-11-19 11:39:00+00:00,7,705.45,0.0,DELIVERED,2025-11-19 21:39:00+00:00,run_20260922T173739Z_efe2512e,2026-09-22T17:37:42.330158+00:00,orphan_customer,orders
O0006094,C00025,P0087,2025-10-02 20:13:00+00:00,8,29643.14,0.05,CANCELLED,2025-10-05 08:13:00+00:00,run_20260922T173739Z_efe2512e,2026-09-22T17:37:42.330158+00:00,orphan_customer,orders
O0029646,C00412,P0574,2025-09-22 03:29:00+00:00,4,11045.09,0.1,PAID,2025-09-22 17:29:00+00:00,run_20260922T173739Z_efe2512e,2026-09-22T17:37:42.330158+00:00,orphan_customer,orders
O0004017,C00025,P0269,2025-09-21 05:23:00+00:00,8,17075.89,0.0,PAID,2025-09-22 00:23:00+00:00,run_20260922T173739Z_efe2512e,2026-09-22T17:37:42.330158+00:00,orphan_customer,orders
O0047199,C00412,P0150,2025-09-17 14:32:00+00:00,7,30072.55,0.0,PENDING,2025-09-20 02:32:00+00:00,run_20260922T173739Z_efe2512e,2026-09-22T17:37:42.330158+00:00,orphan_customer,orders
O0000865,C01201,P0145,2025-09-10 11:42:00+00:00,7,7603.15,0.0,CANCELLED,2025-09-12 23:42:00+00:00,run_20260922T173739Z_efe2512e,2026-09-22T17:37:42.330158+00:00,orphan_customer,orders
O0012346,C00412,P0399,2025-09-03 01:06:00+00:00,4,46562.84,0.0,PACKED,2025-09-03 11:06:00+00:00,run_20260922T173739Z_efe2512e,2026-09-22T17:37:42.330158+00:00,orphan_customer,orders
O0046171,C01201,P0290,2025-08-30 12:52:00+00:00,7,84471.94,0.1,CANCELLED,2025-08-30 14:52:00+00:00,run_20260922T173739Z_efe2512e,2026-09-22T17:37:42.330158+00:00,orphan_customer,orders
O0006620,C00412,P0164,2025-08-14 04:23:00+00:00,4,53800.39,0.15,DELIVERED,2025-08-15 11:23:00+00:00,run_20260922T173739Z_efe2512e,2026-09-22T17:37:42.330158+00:00,orphan_customer,orders
O0043793,C00412,P0021,2025-08-12 06:45:00+00:00,7,42967.98,0.0,CANCELLED,2025-08-13 13:45:00+00:00,run_20260922T173739Z_efe2512e,2026-09-22T17:37:42.330158+00:00,orphan_customer,orders
O0048730,C02334,P0033,2025-08-02 06:24:00+00:00,4,74739.14,0.1,CANCELLED,2025-08-03 09:24:00+00:00,run_20260922T173739Z_efe2512e,2026-09-22T17:37:42.330158+00:00,orphan_customer,orders
O0025119,C00412,P0170,2025-07-15 15:04:00+00:00,2,49207.68,0.05,SHIPPED,2025-07-18 09:04:00+00:00,run_20260922T173739Z_efe2512e,2026-09-22T17:37:42.330158+00:00,orphan_customer,orders
O0017737,C00412,P0576,2025-07-11 20:55:00+00:00,1,33507.12,0.0,SHIPPED,2025-07-13 03:55:00+00:00,run_20260922T173739Z_efe2512e,2026-09-22T17:37:42.330158+00:00,orphan_customer,orders
O0022836,C00412,P0020,2025-07-06 19:40:00+00:00,1,38796.92,0.0,PACKED,2025-07-09 04:40:00+00:00,run_20260922T173739Z_efe2512e,2026-09-22T17:37:42.330158+00:00,orphan_customer,orders
O0004269,C00025,P0209,2025-06-24 11:14:00+00:00,4,3217.97,0.0,CANCELLED,2025-06-26 02:14:00+00:00,run_20260922T173739Z_efe2512e,2026-09-22T17:37:42.330158+00:00,orphan_customer,orders
O0031465,C00412,P0421,2025-06-13 18:56:00+00:00,6,53650.53,0.1,PENDING,2025-06-15 03:56:00+00:00,run_20260922T173739Z_efe2512e,2026-09-22T17:37:42.330158+00:00,orphan_customer,orders
O0035268,C00025,P0335,2025-05-29 02:09:00+00:00,4,70362.27,0.0,PENDING,2025-05-29 22:09:00+00:00,run_20260922T173739Z_efe2512e,2026-09-22T17:37:42.330158+00:00,orphan_customer,orders
O0021242,C01201,P0355,2025-05-21 20:44:00+00:00,3,11475.26,0.0,PACKED,2025-05-22 20:44:00+00:00,run_20260922T173739Z_efe2512e,2026-09-22T17:37:42.330158+00:00,orphan_customer,orders
O0040898,C00412,P0509,2025-05-22 08:35:00+00:00,8,50305.42,0.0,PAID,2025-05-22 15:35:00+00:00,run_20260922T173739Z_efe2512e,2026-09-22T17:37:42.330158+00:00,orphan_customer,orders
O0037399,C00025,P0180,2025-05-20 12:22:00+00:00,4,80463.88,0.15,CANCELLED,2025-05-20 20:22:00+00:00,run_20260922T173739Z_efe2512e,2026-09-22T17:37:42.330158+00:00,orphan_customer,orders
O0010203,C00025,P0078,2025-05-16 13:29:00+00:00,2,980.78,0.0,PAID,2025-05-19 12:29:00+00:00,run_20260922T173739Z_efe2512e,2026-09-22T17:37:42.330158+00:00,orphan_customer,orders
O0024936,C02334,P0475,2025-05-15 10:04:00+00:00,3,70150.21,0.1,PACKED,2025-05-15 13:04:00+00:00,run_20260922T173739Z_efe2512e,2026-09-22T17:37:42.330158+00:00,orphan_customer,orders
O0016697,C00412,P0359,2025-05-14 10:16:00+00:00,8,19991.09,0.15,PAID,2025-05-14 19:16:00+00:00,run_20260922T173739Z_efe2512e,2026-09-22T17:37:42.330158+00:00,orphan_customer,orders
O0001120,C01201,P0010,2025-05-04 21:13:00+00:00,3,53583.15,0.0,CANCELLED,2025-05-05 07:13:00+00:00,run_20260922T173739Z_efe2512e,2026-09-22T17:37:42.330158+00:00,orphan_customer,orders
O0033026,C02334,P0363,2025-04-29 13:19:00+00:00,8,2522.92,0.0,PACKED,2025-04-29 14:19:00+00:00,run_20260922T173739Z_efe2512e,2026-09-22T17:37:42.330158+00:00,orphan_customer,orders
O0024012,C02334,P0549,2025-04-28 06:48:00+00:00,2,15850.97,0.0,SHIPPED,2025-04-28 14:48:00+00:00,run_20260922T173739Z_efe2512e,2026-09-22T17:37:42.330158+00:00,orphan_customer,orders
O0049222,C01201,P0420,2025-04-24 04:09:00+00:00,2,80165.3,0.1,PAID,2025-04-25 10:09:00+00:00,run_20260922T173739Z_efe2512e,2026-09-22T17:37:42.330158+00:00,orphan_customer,orders
O0025078,C00412,P0489,2025-04-20 04:02:00+00:00,4,60995.07,0.0,CANCELLED,2025-04-22 11:02:00+00:00,run_20260922T173739Z_efe2512e,2026-09-22T17:37:42.330158+00:00,orphan_customer,orders
O0002348,C00412,P0017,2025-04-04 22:40:00+00:00,2,29339.36,0.15,CANCELLED,2025-04-07 03:40:00+00:00,run_20260922T173739Z_efe2512e,2026-09-22T17:37:42.330158+00:00,orphan_customer,orders
O0009277,C00025,P0263,2025-04-03 22:09:00+00:00,1,71306.66,0.1,DELIVERED,2025-04-03 23:09:00+00:00,run_20260922T173739Z_efe2512e,2026-09-22T17:37:42.330158+00:00,orphan_customer,orders
O0000971,C01201,P0368,2025-03-28 22:48:00+00:00,3,5851.75,0.0,PACKED,2025-03-29 00:48:00+00:00,run_20260922T173739Z_efe2512e,2026-09-22T17:37:42.330158+00:00,orphan_customer,orders
O0025571,C00412,P0480,2025-03-04 12:56:00+00:00,3,1541.62,0.1,CANCELLED,2025-03-06 22:56:00+00:00,run_20260922T173739Z_efe2512e,2026-09-22T17:37:42.330158+00:00,orphan_customer,orders
O0005188,C01201,P0248,2025-02-20 11:49:00+00:00,7,79150.87,0.05,PENDING,2025-02-22 06:49:00+00:00,run_20260922T173739Z_efe2512e,2026-09-22T17:37:42.330158+00:00,orphan_customer,orders
O0030588,C02334,P0245,2025-02-21 19:19:00+00:00,1,34088.86,0.1,CANCELLED,2025-02-22 04:19:00+00:00,run_20260922T173739Z_efe2512e,2026-09-22T17:37:42.330158+00:00,orphan_customer,orders
O0012968,C00025,P0489,2025-02-11 23:49:00+00:00,3,60995.07,0.15,DELIVERED,2025-02-14 06:49:00+00:00,run_20260922T173739Z_efe2512e,2026-09-22T17:37:42.330158+00:00,orphan_customer,orders
O0021948,C00412,P0246,2025-02-12 21:51:00+00:00,7,28416.14,0.0,SHIPPED,2025-02-14 02:51:00+00:00,run_20260922T173739Z_efe2512e,2026-09-22T17:37:42.330158+00:00,orphan_customer,orders
O0026922,C01201,P0097,2025-02-07 02:28:00+00:00,4,14871.81,0.1,CANCELLED,2025-02-07 17:28:00+00:00,run_20260922T173739Z_efe2512e,2026-09-22T17:37:42.330158+00:00,orphan_customer,orders
O0023106,C01201,P0472,2025-01-23 13:36:00+00:00,4,70409.04,0.05,PENDING,2025-01-24 20:36:00+00:00,run_20260922T173739Z_efe2512e,2026-09-22T17:37:42.330158+00:00,orphan_customer,orders
O0047219,C02334,P0090,2025-01-09 13:02:00+00:00,4,31265.73,0.0,PENDING,2025-01-11 15:02:00+00:00,run_20260922T173739Z_efe2512e,2026-09-22T17:37:42.330158+00:00,orphan_customer,orders
O0036259,C01201,P0415,2025-01-05 03:12:00+00:00,3,86401.2,0.0,PACKED,2025-01-06 01:12:00+00:00,run_20260922T173739Z_efe2512e,2026-09-22T17:37:42.330158+00:00,orphan_customer,orders
O0003566,C03000,P0078,2026-08-23 18:03:00+00:00,8,505.52,0.0,PAID,2026-08-25 04:03:00+00:00,run_20260922T173739Z_efe2512e,2026-09-22T17:37:42.330158+00:00,orphan_product,orders
O0044671,C02550,P0078,2026-08-14 11:34:00+00:00,6,542.98,0.0,PAID,2026-08-14 14:34:00+00:00,run_20260922T173739Z_efe2512e,2026-09-22T17:37:42.330158+00:00,orphan_product,orders
O0023434,C01923,P0078,2026-08-05 20:54:00+00:00,1,753.84,0.0,SHIPPED,2026-08-08 19:54:00+00:00,run_20260922T173739Z_efe2512e,2026-09-22T17:37:42.330158+00:00,orphan_product,orders
O0000562,C02493,P0078,2026-08-07 13:11:00+00:00,8,705.5,0.0,PACKED,2026-08-07 17:11:00+00:00,run_20260922T173739Z_efe2512e,2026-09-22T17:37:42.330158+00:00,orphan_product,orders
O0010049,C02254,P0078,2026-08-06 02:25:00+00:00,3,356.26,0.15,PENDING,2026-08-06 04:25:00+00:00,run_20260922T173739Z_efe2512e,2026-09-22T17:37:42.330158+00:00,orphan_product,orders
O0047059,C02839,P0078,2026-07-29 19:27:00+00:00,5,264.24,0.0,CANCELLED,2026-08-01 14:27:00+00:00,run_20260922T173739Z_efe2512e,2026-09-22T17:37:42.330158+00:00,orphan_product,orders
O0005641,C00264,P0078,2026-07-17 01:05:00+00:00,6,496.81,0.0,PAID,2026-07-18 01:05:00+00:00,run_20260922T173739Z_efe2512e,2026-09-22T17:37:42.330158+00:00,orphan_product,orders
O0039280,C01915,P0078,2026-07-14 13:18:00+00:00,5,246.51,0.0,PAID,2026-07-16 17:18:00+00:00,run_20260922T173739Z_efe2512e,2026-09-22T17:37:42.330158+00:00,orphan_product,orders
O0012548,C00835,P0078,2026-07-13 02:38:00+00:00,5,876.43,0.0,CANCELLED,2026-07-15 15:38:00+00:00,run_20260922T173739Z_efe2512e,2026-09-22T17:37:42.330158+00:00,orphan_product,orders
O0006307,C02013,P0078,2026-07-07 22:54:00+00:00,4,587.15,0.0,PENDING,2026-07-09 19:54:00+00:00,run_20260922T173739Z_efe2512e,2026-09-22T17:37:42.330158+00:00,orphan_product,orders
O0023422,C00306,P0078,2026-07-08 16:29:00+00:00,8,727.88,0.05,PAID,2026-07-09 19:29:00+00:00,run_20260922T173739Z_efe2512e,2026-09-22T17:37:42.330158+00:00,orphan_product,orders
O0001777,C00700,P0078,2026-07-03 03:15:00+00:00,3,416.79,0.0,PACKED,2026-07-05 15:15:00+00:00,run_20260922T173739Z_efe2512e,2026-09-22T17:37:42.330158+00:00,orphan_product,orders
O0016390,C02028,P0078,2026-07-03 21:42:00+00:00,1,426.31,0.1,PAID,2026-07-04 09:42:00+00:00,run_20260922T173739Z_efe2512e,2026-09-22T17:37:42.330158+00:00,orphan_product,orders
O0027449,C01858,P0078,2026-06-22 09:47:00+00:00,2,905.05,0.0,PENDING,2026-06-23 18:47:00+00:00,run_20260922T173739Z_efe2512e,2026-09-22T17:37:42.330158+00:00,orphan_product,orders
O0001955,C02585,P0078,2026-05-31 00:17:00+00:00,8,424.56,0.05,PACKED,2026-06-01 21:17:00+00:00,run_20260922T173739Z_efe2512e,2026-09-22T17:37:42.330158+00:00,orphan_product,orders
O0008531,C00778,P0078,2026-05-29 12:45:00+00:00,7,399.81,0.1,DELIVERED,2026-05-31 17:45:00+00:00,run_20260922T173739Z_efe2512e,2026-09-22T17:37:42.330158+00:00,orphan_product,orders
O0003154,C01957,P0078,2026-05-28 06:22:00+00:00,3,311.54,0.05,PACKED,2026-05-29 03:22:00+00:00,run_20260922T173739Z_efe2512e,2026-09-22T17:37:42.330158+00:00,orphan_product,orders
O0019352,C00139,P0078,2026-05-15 10:20:00+00:00,3,250.79,0.0,SHIPPED,2026-05-15 17:20:00+00:00,run_20260922T173739Z_efe2512e,2026-09-22T17:37:42.330158+00:00,orphan_product,orders
O0031189,C02353,P0078,2026-03-30 19:12:00+00:00,2,586.87,0.15,PAID,2026-03-31 09:12:00+00:00,run_20260922T173739Z_efe2512e,2026-09-22T17:37:42.330158+00:00,orphan_product,orders
O0041104,C01724,P0078,2026-03-24 17:27:00+00:00,6,572.48,0.05,PACKED,2026-03-24 18:27:00+00:00,run_20260922T173739Z_efe2512e,2026-09-22T17:37:42.330158+00:00,orphan_product,orders
O0023166,C02997,P0078,2026-03-16 13:33:00+00:00,4,754.89,0.05,PENDING,2026-03-19 12:33:00+00:00,run_20260922T173739Z_efe2512e,2026-09-22T17:37:42.330158+00:00,orphan_product,orders
O0048345,C00830,P0078,2026-03-10 21:50:00+00:00,1,882.84,0.1,CANCELLED,2026-03-13 15:50:00+00:00,run_20260922T173739Z_efe2512e,2026-09-22T17:37:42.330158+00:00,orphan_product,orders
O0042057,C00960,P0078,2026-02-23 17:16:00+00:00,4,502.9,0.0,PACKED,2026-02-25 21:16:00+00:00,run_20260922T173739Z_efe2512e,2026-09-22T17:37:42.330158+00:00,orphan_product,orders
O0005298,C02200,P0078,2026-02-15 04:24:00+00:00,4,842.99,0.15,SHIPPED,2026-02-16 15:24:00+00:00,run_20260922T173739Z_efe2512e,2026-09-22T17:37:42.330158+00:00,orphan_product,orders
O0043952,C02270,P0078,2026-02-11 05:54:00+00:00,5,897.56,0.1,PACKED,2026-02-14 02:54:00+00:00,run_20260922T173739Z_efe2512e,2026-09-22T17:37:42.330158+00:00,orphan_product,orders
O0047598,C00476,P0078,2026-02-13 01:55:00+00:00,8,286.84,0.1,PACKED,2026-02-13 05:55:00+00:00,run_20260922T173739Z_efe2512e,2026-09-22T17:37:42.330158+00:00,orphan_product,orders
O0032078,C02406,P0078,2026-02-08 19:25:00+00:00,8,333.18,0.05,PAID,2026-02-11 15:25:00+00:00,run_20260922T173739Z_efe2512e,2026-09-22T17:37:42.330158+00:00,orphan_product,orders
O0026118,C02680,P0078,2026-02-07 19:42:00+00:00,6,734.12,0.0,DELIVERED,2026-02-08 14:42:00+00:00,run_20260922T173739Z_efe2512e,2026-09-22T17:37:42.330158+00:00,orphan_product,orders
O0037906,C02434,P0078,2026-02-05 01:55:00+00:00,6,689.34,0.0,DELIVERED,2026-02-06 15:55:00+00:00,run_20260922T173739Z_efe2512e,2026-09-22T17:37:42.330158+00:00,orphan_product,orders
O0013576,C01391,P0078,2026-02-04 00:39:00+00:00,2,951.71,0.05,DELIVERED,2026-02-06 07:39:00+00:00,run_20260922T173739Z_efe2512e,2026-09-22T17:37:42.330158+00:00,orphan_product,orders
O0037935,C02225,P0078,2026-02-05 18:08:00+00:00,8,293.0,0.0,PACKED,2026-02-06 07:08:00+00:00,run_20260922T173739Z_efe2512e,2026-09-22T17:37:42.330158+00:00,orphan_product,orders
O0030746,C01564,P0078,2026-01-29 02:50:00+00:00,7,448.06,0.0,DELIVERED,2026-01-29 16:50:00+00:00,run_20260922T173739Z_efe2512e,2026-09-22T17:37:42.330158+00:00,orphan_product,orders
O0017849,C01991,P0078,2026-01-27 22:36:00+00:00,8,882.22,0.0,CANCELLED,2026-01-29 08:36:00+00:00,run_20260922T173739Z_efe2512e,2026-09-22T17:37:42.330158+00:00,orphan_product,orders
O0033662,C01375,P0078,2026-01-27 20:41:00+00:00,2,555.85,0.05,PENDING,2026-01-28 16:41:00+00:00,run_20260922T173739Z_efe2512e,2026-09-22T17:37:42.330158+00:00,orphan_product,orders
O0019845,C00731,P0078,2026-01-21 14:54:00+00:00,7,288.81,0.15,PACKED,2026-01-22 16:54:00+00:00,run_20260922T173739Z_efe2512e,2026-09-22T17:37:42.330158+00:00,orphan_product,orders
O0044558,C00510,P0078,2026-01-11 19:10:00+00:00,7,973.89,0.0,CANCELLED,2026-01-14 09:10:00+00:00,run_20260922T173739Z_efe2512e,2026-09-22T17:37:42.330158+00:00,orphan_product,orders
O0004901,C02858,P0078,2026-01-12 00:38:00+00:00,6,582.85,0.0,PENDING,2026-01-12 22:38:00+00:00,run_20260922T173739Z_efe2512e,2026-09-22T17:37:42.330158+00:00,orphan_product,orders
O0039524,C02079,P0078,2026-01-04 10:06:00+00:00,7,820.62,0.05,PAID,2026-01-05 00:06:00+00:00,run_20260922T173739Z_efe2512e,2026-09-22T17:37:42.330158+00:00,orphan_product,orders
O0004408,C00416,P0078,2025-12-31 18:38:00+00:00,3,303.25,0.0,PAID,2026-01-01 13:38:00+00:00,run_20260922T173739Z_efe2512e,2026-09-22T17:37:42.330158+00:00,orphan_product,orders
O0012009,C02255,P0078,2025-12-16 19:22:00+00:00,3,980.18,0.0,DELIVERED,2025-12-17 21:22:00+00:00,run_20260922T173739Z_efe2512e,2026-09-22T17:37:42.330158+00:00,orphan_product,orders
O0003334,C02952,P9999,2025-12-15 13:19:00+00:00,7,10488.44,0.15,PENDING,2025-12-16 17:19:00+00:00,run_20260922T173739Z_efe2512e,2026-09-22T17:37:42.330158+00:00,orphan_product,orders
O0016361,C00104,P0078,2025-12-15 04:40:00+00:00,6,541.7,0.1,DELIVERED,2025-12-16 00:40:00+00:00,run_20260922T173739Z_efe2512e,2026-09-22T17:37:42.330158+00:00,orphan_product,orders
O0021420,C01826,P0078,2025-12-05 13:19:00+00:00,7,755.23,0.15,PENDING,2025-12-07 23:19:00+00:00,run_20260922T173739Z_efe2512e,2026-09-22T17:37:42.330158+00:00,orphan_product,orders
O0046857,C01458,P0078,2025-11-25 13:25:00+00:00,6,664.2,0.0,SHIPPED,2025-11-28 07:25:00+00:00,run_20260922T173739Z_efe2512e,2026-09-22T17:37:42.330158+00:00,orphan_product,orders
O0049273,C01777,P0078,2025-11-13 12:57:00+00:00,5,532.69,0.0,PAID,2025-11-15 21:57:00+00:00,run_20260922T173739Z_efe2512e,2026-09-22T17:37:42.330158+00:00,orphan_product,orders
O0036741,C01172,P0078,2025-11-08 18:39:00+00:00,3,520.34,0.05,PAID,2025-11-10 16:39:00+00:00,run_20260922T173739Z_efe2512e,2026-09-22T17:37:42.330158+00:00,orphan_product,orders
O0007090,C00395,P0078,2025-11-07 22:51:00+00:00,8,294.14,0.15,DELIVERED,2025-11-10 06:51:00+00:00,run_20260922T173739Z_efe2512e,2026-09-22T17:37:42.330158+00:00,orphan_product,orders
O0029645,C00638,P0078,2025-11-04 17:29:00+00:00,5,510.97,0.15,DELIVERED,2025-11-07 06:29:00+00:00,run_20260922T173739Z_efe2512e,2026-09-22T17:37:42.330158+00:00,orphan_product,orders
O0012575,C02624,P0078,2025-10-30 06:40:00+00:00,2,680.63,0.0,CANCELLED,2025-11-01 03:40:00+00:00,run_20260922T173739Z_efe2512e,2026-09-22T17:37:42.330158+00:00,orphan_product,orders
O0018747,C02077,P0078,2025-10-26 16:33:00+00:00,3,818.88,0.0,DELIVERED,2025-10-27 19:33:00+00:00,run_20260922T173739Z_efe2512e,2026-09-22T17:37:42.330158+00:00,orphan_product,orders
O0008636,C02402,P0078,2025-10-21 18:44:00+00:00,5,952.6,0.0,DELIVERED,2025-10-23 03:44:00+00:00,run_20260922T173739Z_efe2512e,2026-09-22T17:37:42.330158+00:00,orphan_product,orders
O0004609,C00407,P0078,2025-10-13 14:01:00+00:00,6,247.87,0.0,CANCELLED,2025-10-16 08:01:00+00:00,run_20260922T173739Z_efe2512e,2026-09-22T17:37:42.330158+00:00,orphan_product,orders
O0043918,C02641,P0078,2025-10-13 20:59:00+00:00,2,695.55,0.0,PENDING,2025-10-15 19:59:00+00:00,run_20260922T173739Z_efe2512e,2026-09-22T17:37:42.330158+00:00,orphan_product,orders
O0041524,C02885,P0078,2025-10-12 16:41:00+00:00,8,281.64,0.05,PENDING,2025-10-14 05:41:00+00:00,run_20260922T173739Z_efe2512e,2026-09-22T17:37:42.330158+00:00,orphan_product,orders
O0017017,C01171,P0078,2025-10-08 13:40:00+00:00,4,269.05,0.0,PAID,2025-10-09 14:40:00+00:00,run_20260922T173739Z_efe2512e,2026-09-22T17:37:42.330158+00:00,orphan_product,orders
O0032673,C02840,P0078,2025-09-30 12:47:00+00:00,8,643.07,0.1,PAID,2025-10-01 09:47:00+00:00,run_20260922T173739Z_efe2512e,2026-09-22T17:37:42.330158+00:00,orphan_product,orders
O0013057,C00929,P0078,2025-09-24 14:52:00+00:00,8,834.18,0.0,DELIVERED,2025-09-26 18:52:00+00:00,run_20260922T173739Z_efe2512e,2026-09-22T17:37:42.330158+00:00,orphan_product,orders
O0047611,C00734,P0078,2025-09-23 18:15:00+00:00,7,393.72,0.05,SHIPPED,2025-09-25 23:15:00+00:00,run_20260922T173739Z_efe2512e,2026-09-22T17:37:42.330158+00:00,orphan_product,orders
O0035004,C01978,P0078,2025-09-21 12:55:00+00:00,1,761.83,0.15,SHIPPED,2025-09-23 09:55:00+00:00,run_20260922T173739Z_efe2512e,2026-09-22T17:37:42.330158+00:00,orphan_product,orders
O0049825,C02539,P0078,2025-09-19 09:59:00+00:00,3,637.52,0.0,DELIVERED,2025-09-22 05:59:00+00:00,run_20260922T173739Z_efe2512e,2026-09-22T17:37:42.330158+00:00,orphan_product,orders
O0026695,C01765,P0078,2025-09-14 06:14:00+00:00,7,561.19,0.0,PACKED,2025-09-14 19:14:00+00:00,run_20260922T173739Z_efe2512e,2026-09-22T17:37:42.330158+00:00,orphan_product,orders
O0015337,C02808,P0078,2025-09-09 16:25:00+00:00,2,891.43,0.1,PAID,2025-09-11 00:25:00+00:00,run_20260922T173739Z_efe2512e,2026-09-22T17:37:42.330158+00:00,orphan_product,orders
O0003907,C00804,P0078,2025-09-02 15:58:00+00:00,6,417.04,0.05,PACKED,2025-09-03 01:58:00+00:00,run_20260922T173739Z_efe2512e,2026-09-22T17:37:42.330158+00:00,orphan_product,orders
O0025882,C02061,P0078,2025-08-30 16:11:00+00:00,8,791.6,0.0,DELIVERED,2025-09-01 07:11:00+00:00,run_20260922T173739Z_efe2512e,2026-09-22T17:37:42.330158+00:00,orphan_product,orders
O0004796,C01875,P0078,2025-08-22 17:46:00+00:00,5,464.87,0.0,DELIVERED,2025-08-23 01:46:00+00:00,run_20260922T173739Z_efe2512e,2026-09-22T17:37:42.330158+00:00,orphan_product,orders
O0009114,C00069,P0078,2025-08-09 21:21:00+00:00,5,349.84,0.0,DELIVERED,2025-08-10 18:21:00+00:00,run_20260922T173739Z_efe2512e,2026-09-22T17:37:42.330158+00:00,orphan_product,orders
O0028129,C01636,P0078,2025-07-26 12:05:00+00:00,5,530.35,0.05,DELIVERED,2025-07-27 18:05:00+00:00,run_20260922T173739Z_efe2512e,2026-09-22T17:37:42.330158+00:00,orphan_product,orders
O0004758,C00503,P0078,2025-07-21 06:24:00+00:00,2,685.65,0.0,CANCELLED,2025-07-22 14:24:00+00:00,run_20260922T173739Z_efe2512e,2026-09-22T17:37:42.330158+00:00,orphan_product,orders
O0028332,C01393,P0078,2025-07-13 02:18:00+00:00,7,258.01,0.0,CANCELLED,2025-07-15 21:18:00+00:00,run_20260922T173739Z_efe2512e,2026-09-22T17:37:42.330158+00:00,orphan_product,orders
O0014035,C00659,P0078,2025-07-05 18:35:00+00:00,2,653.55,0.15,PENDING,2025-07-07 03:35:00+00:00,run_20260922T173739Z_efe2512e,2026-09-22T17:37:42.330158+00:00,orphan_product,orders
O0038566,C01014,P0078,2025-07-02 02:21:00+00:00,8,349.78,0.05,PACKED,2025-07-03 16:21:00+00:00,run_20260922T173739Z_efe2512e,2026-09-22T17:37:42.330158+00:00,orphan_product,orders
O0005571,C01841,P0078,2025-06-27 02:54:00+00:00,8,382.36,0.1,CANCELLED,2025-06-28 17:54:00+00:00,run_20260922T173739Z_efe2512e,2026-09-22T17:37:42.330158+00:00,orphan_product,orders
O0008613,C01207,P0078,2025-06-27 19:42:00+00:00,8,213.28,0.0,CANCELLED,2025-06-28 10:42:00+00:00,run_20260922T173739Z_efe2512e,2026-09-22T17:37:42.330158+00:00,orphan_product,orders
O0048242,C00862,P0078,2025-06-19 23:30:00+00:00,5,986.03,0.05,PAID,2025-06-20 10:30:00+00:00,run_20260922T173739Z_efe2512e,2026-09-22T17:37:42.330158+00:00,orphan_product,orders
O0045601,C02416,P0078,2025-06-13 12:18:00+00:00,4,429.99,0.0,PAID,2025-06-14 01:18:00+00:00,run_20260922T173739Z_efe2512e,2026-09-22T17:37:42.330158+00:00,orphan_product,orders
O0030091,C01518,P0078,2025-06-07 09:21:00+00:00,5,650.01,0.1,CANCELLED,2025-06-09 13:21:00+00:00,run_20260922T173739Z_efe2512e,2026-09-22T17:37:42.330158+00:00,orphan_product,orders
O0046582,C01442,P0078,2025-06-03 23:13:00+00:00,8,814.66,0.15,DELIVERED,2025-06-06 17:13:00+00:00,run_20260922T173739Z_efe2512e,2026-09-22T17:37:42.330158+00:00,orphan_product,orders
O0000204,C00912,P0078,2025-06-01 19:42:00+00:00,7,669.78,0.15,DELIVERED,2025-06-02 18:42:00+00:00,run_20260922T173739Z_efe2512e,2026-09-22T17:37:42.330158+00:00,orphan_product,orders
O0044967,C01196,P0078,2025-05-27 05:20:00+00:00,7,773.06,0.0,PACKED,2025-05-28 08:20:00+00:00,run_20260922T173739Z_efe2512e,2026-09-22T17:37:42.330158+00:00,orphan_product,orders
O0003896,C02762,P0078,2025-05-01 20:00:00+00:00,5,768.19,0.05,DELIVERED,2025-05-03 06:00:00+00:00,run_20260922T173739Z_efe2512e,2026-09-22T17:37:42.330158+00:00,orphan_product,orders
O0014953,C02189,P0078,2025-04-30 03:40:00+00:00,2,471.0,0.0,PAID,2025-05-01 23:40:00+00:00,run_20260922T173739Z_efe2512e,2026-09-22T17:37:42.330158+00:00,orphan_product,orders
O0005700,C00291,P0078,2025-04-26 00:25:00+00:00,6,953.49,0.0,CANCELLED,2025-04-26 16:25:00+00:00,run_20260922T173739Z_efe2512e,2026-09-22T17:37:42.330158+00:00,orphan_product,orders
O0038164,C02275,P0078,2025-04-14 06:25:00+00:00,8,206.14,0.05,PAID,2025-04-15 12:25:00+00:00,run_20260922T173739Z_efe2512e,2026-09-22T17:37:42.330158+00:00,orphan_product,orders
O0049729,C01326,P0078,2025-04-03 10:42:00+00:00,5,441.16,0.0,PACKED,2025-04-04 08:42:00+00:00,run_20260922T173739Z_efe2512e,2026-09-22T17:37:42.330158+00:00,orphan_product,orders
O0047170,C01971,P0078,2025-04-01 08:38:00+00:00,5,499.38,0.15,PENDING,2025-04-02 20:38:00+00:00,run_20260922T173739Z_efe2512e,2026-09-22T17:37:42.330158+00:00,orphan_product,orders
O0000444,C02032,P0078,2025-03-30 12:17:00+00:00,7,816.09,0.05,PENDING,2025-04-01 02:17:00+00:00,run_20260922T173739Z_efe2512e,2026-09-22T17:37:42.330158+00:00,orphan_product,orders
O0024656,C01912,P0078,2025-03-25 20:02:00+00:00,1,616.27,0.15,DELIVERED,2025-03-28 06:02:00+00:00,run_20260922T173739Z_efe2512e,2026-09-22T17:37:42.330158+00:00,orphan_product,orders
O0045301,C01423,P0078,2025-03-12 04:31:00+00:00,7,205.51,0.15,CANCELLED,2025-03-14 23:31:00+00:00,run_20260922T173739Z_efe2512e,2026-09-22T17:37:42.330158+00:00,orphan_product,orders
O0019305,C02740,P0078,2025-03-01 21:01:00+00:00,8,480.31,0.05,DELIVERED,2025-03-04 04:01:00+00:00,run_20260922T173739Z_efe2512e,2026-09-22T17:37:42.330158+00:00,orphan_product,orders
O0027758,C02088,P0078,2025-02-18 08:30:00+00:00,4,650.41,0.15,SHIPPED,2025-02-20 17:30:00+00:00,run_20260922T173739Z_efe2512e,2026-09-22T17:37:42.330158+00:00,orphan_product,orders
O0021432,C02293,P0078,2025-02-01 15:54:00+00:00,2,525.12,0.0,PENDING,2025-02-03 16:54:00+00:00,run_20260922T173739Z_efe2512e,2026-09-22T17:37:42.330158+00:00,orphan_product,orders
O0005097,C01862,P0078,2025-02-02 03:37:00+00:00,5,790.16,0.0,PENDING,2025-02-02 14:37:00+00:00,run_20260922T173739Z_efe2512e,2026-09-22T17:37:42.330158+00:00,orphan_product,orders
O0048363,C01340,P0078,2025-01-27 04:51:00+00:00,6,707.57,0.1,CANCELLED,2025-01-27 07:51:00+00:00,run_20260922T173739Z_efe2512e,2026-09-22T17:37:42.330158+00:00,orphan_product,orders
O0047581,C01346,P0078,2025-01-23 03:39:00+00:00,3,253.41,0.15,PACKED,2025-01-23 05:39:00+00:00,run_20260922T173739Z_efe2512e,2026-09-22T17:37:42.330158+00:00,orphan_product,orders
O0021159,C02274,P0078,2025-01-20 05:15:00+00:00,3,968.34,0.15,PACKED,2025-01-21 15:15:00+00:00,run_20260922T173739Z_efe2512e,2026-09-22T17:37:42.330158+00:00,orphan_product,orders
O0011714,C01685,P0078,2025-01-15 04:21:00+00:00,6,810.65,0.15,PENDING,2025-01-17 22:21:00+00:00,run_20260922T173739Z_efe2512e,2026-09-22T17:37:42.330158+00:00,orphan_product,orders
O0012842,C02466,P0078,2025-01-13 19:22:00+00:00,4,300.63,0.1,PAID,2025-01-16 12:22:00+00:00,run_20260922T173739Z_efe2512e,2026-09-22T17:37:42.330158+00:00,orphan_product,orders
O0041595,C01602,P0078,2025-01-10 18:31:00+00:00,4,708.96,0.05,CANCELLED,2025-01-11 00:31:00+00:00,run_20260922T173739Z_efe2512e,2026-09-22T17:37:42.330158+00:00,orphan_product,orders
O0023192,C01399,P0078,2025-01-03 09:43:00+00:00,2,212.65,0.0,SHIPPED,2025-01-05 00:43:00+00:00,run_20260922T173739Z_efe2512e,2026-09-22T17:37:42.330158+00:00,orphan_product,orders
